IP,Hostname,Port,Port Protocol,CVSS,Severity,QoD,Solution Type,NVT Name,Summary,Specific Result,NVT OID,CVEs,Task ID,Task Name,Timestamp,Result ID,Impact,Solution,Affected Software/OS,Vulnerability Insight,Vulnerability Detection Method,Product Detection Result,BIDs,CERTs,Other References
      172.30.14.3,mongodb-noauth.trabalho_vulnnet,,,0.0,Log,80,"","CPE Inventory","This routine uses information collected by other routines about
  CPE identities of operating systems, services and applications detected during the scan.

  Note: Some CPEs for specific products might show up twice or more in the output. Background:

  After a product got renamed or a specific vendor was acquired by another one it might happen that
  a product gets a new CPE within the NVD CPE Dictionary but older entries are kept with the older
  CPE.","172.30.14.3|cpe:/a:mongodb:mongodb:3.4.24
172.30.14.3|cpe:/o:linux:kernel

",1.3.6.1.4.1.25623.1.0.810002,"",df0632e3-a4eb-4954-8781-6af14a1a4240," hgdfdghgdgd",2026-01-26T12:20:35Z,03f4d24e-2313-44f7-9628-e32ff0472a25,"","","","","
Details:
CPE Inventory
(OID: 1.3.6.1.4.1.25623.1.0.810002)
Version used: 2022-07-27T10:11:28Z
","","","",""
172.30.14.3,mongodb-noauth.trabalho_vulnnet,,,0.0,Log,80,"","Hostname Determination Reporting","The script reports information on how the hostname of the target
  was determined.","Hostname determination for IP 172.30.14.3:

Hostname|Source
mongodb-noauth.trabalho_vulnnet|Reverse-DNS
",1.3.6.1.4.1.25623.1.0.108449,"",df0632e3-a4eb-4954-8781-6af14a1a4240," hgdfdghgdgd",2026-01-26T12:20:35Z,b9ae0b2b-38ca-4604-8eba-60bb1b089101,"","","","","
Details:
Hostname Determination Reporting
(OID: 1.3.6.1.4.1.25623.1.0.108449)
Version used: 2022-07-27T10:11:28Z
","","","",""
172.30.14.3,mongodb-noauth.trabalho_vulnnet,,,2.1,Low,80,"Mitigation","ICMP Timestamp Reply Information Disclosure","The remote host responded to an ICMP timestamp request.","The following response / ICMP packet has been received:
- ICMP Type: 14
- ICMP Code: 0
",1.3.6.1.4.1.25623.1.0.103190,"CVE-1999-0524",df0632e3-a4eb-4954-8781-6af14a1a4240," hgdfdghgdgd",2026-01-26T12:20:35Z,746a2cb0-5d32-4f73-9815-e7415f17e1b6,"This information could theoretically be used to exploit weak
  time-based random number generators in other services.","Various mitigations are possible:

  - Disable the support for ICMP timestamp on the remote host completely

  - Protect the remote host by a firewall, and block ICMP packets passing through the firewall in
  either direction (either completely or only for untrusted networks)","","The Timestamp Reply is an ICMP message which replies to a
  Timestamp message. It consists of the originating timestamp sent by the sender of the Timestamp as
  well as a receive timestamp and a transmit timestamp.","Sends an ICMP Timestamp (Type 13) request and checks if a
  Timestamp Reply (Type 14) is received.
Details:
ICMP Timestamp Reply Information Disclosure
(OID: 1.3.6.1.4.1.25623.1.0.103190)
Version used: 2025-01-21T05:37:33Z
","","","DFN-CERT-2014-0658,CB-K15/1514,CB-K14/0632",""
172.30.14.3,mongodb-noauth.trabalho_vulnnet,,,0.0,Log,70,"","IP Forwarding Enabled - Active Check","Checks if the remote host has IP forwarding enabled.","It was possible to route a TCP packet through the target host and received an answer which means IP forwarding is enabled.
",1.3.6.1.4.1.25623.1.0.147205,"CVE-1999-0511",df0632e3-a4eb-4954-8781-6af14a1a4240," hgdfdghgdgd",2026-01-26T12:20:35Z,3bdc520a-696d-4a6f-85b3-b7bc170366f1,"","","","","Sends a crafted Local Link Layer (LLL) frame and checks the
  response.
Details:
IP Forwarding Enabled - Active Check
(OID: 1.3.6.1.4.1.25623.1.0.147205)
Version used: 2021-12-03T08:27:06Z
","","","",""
172.30.14.3,mongodb-noauth.trabalho_vulnnet,27017,tcp,0.0,Log,80,"","MongoDB Detection (MongoDB Wire Protocol)","MongoDB Wire Protocol based detection of MongoDB.","Detected MongoDB

Version:       3.4.24
Location:      /
CPE:           cpe:/a:mongodb:mongodb:3.4.24

Concluded from version/product identification result:
version3.4.24
",1.3.6.1.4.1.25623.1.0.100747,"",df0632e3-a4eb-4954-8781-6af14a1a4240," hgdfdghgdgd",2026-01-26T12:20:35Z,79b5f1c3-2cfe-4aef-b629-29304040ada2,"","","","","
Details:
MongoDB Detection (MongoDB Wire Protocol)
(OID: 1.3.6.1.4.1.25623.1.0.100747)
Version used: 2026-01-09T05:47:51Z
","","","",""
172.30.14.3,mongodb-noauth.trabalho_vulnnet,27017,tcp,7.5,High,30,"VendorFix","MongoDB DoS Vulnerability (SERVER-58203, SERVER-59299, SERVER-60218) - Linux","MongoDB is prone to a denial of service (DoS) vulnerability.","Installed version: 3.4.24
Fixed version:     4.2.16

",1.3.6.1.4.1.25623.1.0.147978,"CVE-2021-32040",df0632e3-a4eb-4954-8781-6af14a1a4240," hgdfdghgdgd",2026-01-26T12:20:35Z,977d4c69-204b-4fd2-97c8-936430084917,"If an attacker could cause such an aggregation to occur, they
  could maliciously crash MongoDB in a DoS attack.","Update to version 4.2.16, 4.4.11, 5.0.4 or later.","MongoDB prior to version 4.2.16, 4.4.x through 4.4.10 and
  5.x through 5.0.3.","It may be possible to have an extremely long aggregation
  pipeline in conjunction with a specific stage/operator and cause a stack overflow due to the size
  of the stack frames used by that stage.","Checks if a vulnerable version is present on the target host.
Details:
MongoDB DoS Vulnerability (SERVER-58203, SERVER-59299, SERVER-60218) - Linux
(OID: 1.3.6.1.4.1.25623.1.0.147978)
Version used: 2026-01-09T05:47:51Z
","","","",""
172.30.14.3,mongodb-noauth.trabalho_vulnnet,27017,tcp,7.1,High,30,"VendorFix","MongoDB DoS Vulnerability (SERVER-59294) - Linux","MongoDB is prone to a denial of service (DoS) vulnerability.","Installed version: 3.4.24
Fixed version:     4.2.18

",1.3.6.1.4.1.25623.1.0.147596,"CVE-2021-32036",df0632e3-a4eb-4954-8781-6af14a1a4240," hgdfdghgdgd",2026-01-26T12:20:35Z,51d0b306-e787-4834-8cf2-b9c03abe62e9,"This may result in denial of service and in rare cases could
  result in id field collisions.","Update to version 4.2.18, 4.4.10, 5.0.4 or later.","MongoDB version 2.x through 4.2.16, 4.4.x through 4.4.9 and
  5.x through 5.0.3.","An authenticated user without any specific authorizations may
  be able to repeatedly invoke the features command where at a high volume may lead to resource
  depletion or generate high lock contention.","Checks if a vulnerable version is present on the target host.
Details:
MongoDB DoS Vulnerability (SERVER-59294) - Linux
(OID: 1.3.6.1.4.1.25623.1.0.147596)
Version used: 2026-01-09T05:47:51Z
","","","",""
172.30.14.3,mongodb-noauth.trabalho_vulnnet,,,0.0,Log,80,"","OS Detection Consolidation and Reporting","This script consolidates the OS information detected by several
  VTs and tries to find the best matching OS.

  Furthermore it reports all previously collected information leading to this best matching OS. It
  also reports possible additional information which might help to improve the OS detection.

  If any of this information is wrong or could be improved please consider to report these to the
  referenced community forum.","Best matching OS:

OS:           Linux Kernel
CPE:          cpe:/o:linux:kernel
Found by VT:  1.3.6.1.4.1.25623.1.0.102002 (Operating System (OS) Detection (ICMP))
Concluded from ICMP based OS fingerprint
Setting key ""Host/runs_unixoide"" based on this information
",1.3.6.1.4.1.25623.1.0.105937,"",df0632e3-a4eb-4954-8781-6af14a1a4240," hgdfdghgdgd",2026-01-26T12:20:35Z,67ace27b-4c6a-48f0-ab0d-a6224aa1164e,"","","","","
Details:
OS Detection Consolidation and Reporting
(OID: 1.3.6.1.4.1.25623.1.0.105937)
Version used: 2026-01-21T05:50:46Z
","","","",""
172.30.14.3,mongodb-noauth.trabalho_vulnnet,27017,tcp,0.0,Log,80,"","Services","This plugin performs service detection.","A MongoDB server is running on this port
",1.3.6.1.4.1.25623.1.0.10330,"",df0632e3-a4eb-4954-8781-6af14a1a4240," hgdfdghgdgd",2026-01-26T12:20:35Z,0fcf8a34-5572-45dc-b85e-f5cb9979bd75,"","","","This plugin attempts to guess which service is running on the
  remote port(s). For instance, it searches for a web server which could listen on another port than
  80 or 443 and makes this information available for other check routines.","
Details:
Services
(OID: 1.3.6.1.4.1.25623.1.0.10330)
Version used: 2025-03-05T05:38:53Z
","","","",""
172.30.14.3,mongodb-noauth.trabalho_vulnnet,,,2.6,Low,80,"Mitigation","TCP Timestamps Information Disclosure","The remote host implements TCP timestamps and therefore allows
  to compute the uptime.","It was detected that the host implements RFC1323/RFC7323.

The following timestamps were retrieved with a delay of 1 seconds in-between:
Packet 1: 615778650
Packet 2: 615779762
",1.3.6.1.4.1.25623.1.0.80091,"",df0632e3-a4eb-4954-8781-6af14a1a4240," hgdfdghgdgd",2026-01-26T12:20:35Z,9c01d675-4a04-4ffd-bbba-12f386163cdf,"A side effect of this feature is that the uptime of the remote
  host can sometimes be computed.","To disable TCP timestamps on linux add the line
  'net.ipv4.tcp_timestamps = 0' to /etc/sysctl.conf. Execute 'sysctl -p' to apply the settings at
  runtime.

  To disable TCP timestamps on Windows execute 'netsh int tcp set global timestamps=disabled'

  Starting with Windows Server 2008 and Vista, the timestamp can not be completely disabled.

  The default behavior of the TCP/IP stack on this Systems is to not use the Timestamp options when
  initiating TCP connections, but use them if the TCP peer that is initiating communication includes
  them in their synchronize (SYN) segment.

  See the references for more information.","TCP implementations that implement RFC1323/RFC7323.","The remote host implements TCP timestamps, as defined by
  RFC1323/RFC7323.","Special IP packets are forged and sent with a little delay in
  between to the target IP. The responses are searched for a timestamps. If found, the timestamps
  are reported.
Details:
TCP Timestamps Information Disclosure
(OID: 1.3.6.1.4.1.25623.1.0.80091)
Version used: 2023-12-15T16:10:08Z
","","","",""
172.30.14.3,mongodb-noauth.trabalho_vulnnet,,,0.0,Log,80,"","Traceroute","Collect information about the network route and
  network distance between the scanner host and the target host.","Network route from scanner (172.30.0.2) to target (172.30.14.3):

172.30.0.2
172.30.14.3

Network distance between scanner and target: 2
",1.3.6.1.4.1.25623.1.0.51662,"",df0632e3-a4eb-4954-8781-6af14a1a4240," hgdfdghgdgd",2026-01-26T12:20:35Z,0c12e2e6-3bea-4251-b7e6-63f2248e2a3a,"","","","For internal networks, the distances are usually
  small, often less than 4 hosts between scanner and target. For public targets the
  distance is greater and might be 10 hosts or more.","A combination of the protocols ICMP and TCP is used
  to determine the route. This method is applicable for IPv4 only and it is also known as
  'traceroute'.
Details:
Traceroute
(OID: 1.3.6.1.4.1.25623.1.0.51662)
Version used: 2022-10-17T11:13:19Z
","","","",""
172.30.14.3,mongodb-noauth.trabalho_vulnnet,27017,tcp,7.5,High,99,"Workaround","Unprotected MongoDB Service (TCP)","The remote MongoDB service is unprotected.","Vulnerability was detected according to the Vulnerability Detection Method.",1.3.6.1.4.1.25623.1.0.105235,"",df0632e3-a4eb-4954-8781-6af14a1a4240," hgdfdghgdgd",2026-01-26T12:20:35Z,0a20b0c3-14d5-46c5-a3a5-5ff31e82a369,"Attackers can exploit this issue to obtain sensitive information
  that may lead to further attacks.","Enable authentication or restrict access to the MongoDB
  service.","","","Send a local.startup_log query and check the response.
Details:
Unprotected MongoDB Service (TCP)
(OID: 1.3.6.1.4.1.25623.1.0.105235)
Version used: 2026-01-09T05:47:51Z
","","","",""
